estrategia,limiar,odd_max,n,roi,t,anos_pos,odd_media
valor 1X2 abertura: máx. do mercado,0.0,-,90223,0.003468516897021823,0.5713093651850103,7/15,4.464702681134522
valor 1X2 abertura: máx. do mercado,0.0,4.0,60624,0.025790940881499077,4.573768663706089,13/15,2.906908320137239
valor 1X2 abertura: máx. do mercado,0.02,-,39397,0.010296976927177199,0.9635136746047186,7/15,5.720289362134173
valor 1X2 abertura: máx. do mercado,0.02,4.0,20671,0.04926950800638576,4.895609494492566,13/15,3.044575976005031
valor 1X2 abertura: máx. do mercado,0.05,-,13224,0.014882032667876584,0.6409536917632808,7/15,8.549451754385966
valor 1X2 abertura: máx. do mercado,0.05,4.0,3832,0.07288100208768268,3.0299033259200825,11/14,3.143157620041754
valor 1X2 abertura: máx. do mercado,0.1,-,3803,0.035003944254535894,0.6022527863211584,7/15,14.186705232711017
valor 1X2 abertura: máx. do mercado,0.1,4.0,319,0.29739811912225705,3.4011262096071495,10/14,3.1468025078369903
valor 1X2 abertura: Bet365,0.0,-,19908,0.010885071328109308,0.7952417880107822,10/15,4.809839260598754
valor 1X2 abertura: Bet365,0.0,4.0,11840,0.027977195945945946,2.0013140316571,12/15,3.2667533783783784
valor 1X2 abertura: Bet365,0.02,-,8558,0.002867492404767467,0.12274016598460963,6/15,5.857777518111709
valor 1X2 abertura: Bet365,0.02,4.0,3610,0.028756232686980614,1.1027448039626462,11/14,3.4050886426592797
valor 1X2 abertura: Bet365,0.05,-,2951,0.0313690274483226,0.6743082543873807,7/15,7.7497966790918325
valor 1X2 abertura: Bet365,0.05,4.0,603,0.08034825870646767,1.205140585659949,12/14,3.517479270315091
valor 1X2 abertura: Bet365,0.1,-,734,0.016185286103542227,0.14265665513737258,5/15,10.949550408719347
valor 1X2 abertura: Bet365,0.1,4.0,44,0.11477272727272729,0.47589198713858827,5/11,3.3643181818181813
valor 1X2 abertura: média,0.0,-,762,-0.1331233595800525,-1.3718767147281992,2/15,9.5051968503937
valor 1X2 abertura: média,0.0,4.0,257,-0.06513618677042803,-0.7602627557448824,7/15,2.939727626459144
valor 1X2 abertura: média,0.02,-,335,-0.22059701492537315,-1.3194559487987816,3/15,12.41797014925373
valor 1X2 abertura: média,0.02,4.0,56,-0.10410714285714287,-0.5664658820723031,4/13,2.8280357142857144
valor 1X2 abertura: média,0.05,-,143,0.21223776223776228,0.6075283166035146,6/15,14.454335664335666
valor 1X2 abertura: média,0.05,4.0,17,0.5788235294117648,1.4965682104193498,4/4,2.7976470588235296
valor 1X2 abertura: média,0.1,-,46,1.0019565217391304,1.2567577277326873,2/11,13.815869565217389
valor 1X2 abertura: média,0.1,4.0,8,1.02875,1.7046813299785257,3/3,3.0625
valor 1X2 abertura: Betfair (2%),0.0,-,4610,-0.07818290672451195,-2.5140324644059056,0/3,6.099424685466378
valor 1X2 abertura: Betfair (2%),0.0,4.0,1500,-0.049760800000000015,-1.3142376662810538,1/3,3.2379998666666663
valor 1X2 abertura: Betfair (2%),0.02,-,2514,-0.11316125696101831,-2.3938889491863953,0/3,7.61008830548926
valor 1X2 abertura: Betfair (2%),0.02,4.0,383,-0.01146057441253265,-0.14654415794770118,2/3,3.386031331592689
valor 1X2 abertura: Betfair (2%),0.05,-,1270,-0.0886727559055118,-1.1393290774806215,0/3,9.765984251968503
valor 1X2 abertura: Betfair (2%),0.05,4.0,66,-0.11224848484848485,-0.6079222936897767,2/3,3.344575757575758
valor 1X2 abertura: Betfair (2%),0.1,-,508,-0.17690354330708663,-1.2260043590319798,0/3,13.2518905511811
valor 1X2 abertura: Betfair (2%),0.1,4.0,8,-0.18037499999999995,-0.3358502675208924,0/1,3.1168
valor 1X2 fechamento: máx. do mercado,0.0,-,124668,0.014286424744120384,2.838377014117259,11/15,4.253695735874483
valor 1X2 fechamento: máx. do mercado,0.0,4.0,82594,0.032190837106811636,6.646322612802016,14/15,2.913519020752113
valor 1X2 fechamento: máx. do mercado,0.02,-,69204,0.02016010635223397,2.753287760503396,8/15,4.845911219004682
valor 1X2 fechamento: máx. do mercado,0.02,4.0,39876,0.04499824455813021,6.361955565502509,14/15,2.960380429330926
valor 1X2 fechamento: máx. do mercado,0.05,-,30309,0.036043089511366255,2.8636771160117083,10/15,5.989474743475535
valor 1X2 fechamento: máx. do mercado,0.05,4.0,13425,0.07148081936685288,5.816526066359057,14/15,2.9706770949720673
valor 1X2 fechamento: máx. do mercado,0.1,-,9899,0.05576320840488938,2.127824927500264,9/15,8.31165168198808
valor 1X2 fechamento: máx. do mercado,0.1,4.0,2762,0.1258689355539464,4.577732632100303,13/14,2.984645184648805
valor 1X2 fechamento: Bet365,0.0,-,8664,-0.007779316712834713,-0.38858745376583914,4/8,4.592839335180056
valor 1X2 fechamento: Bet365,0.0,4.0,5469,0.027253611263485095,1.3179105437476542,5/8,3.311835801791918
valor 1X2 fechamento: Bet365,0.02,-,4034,-0.01836390679226574,-0.5761134477091249,2/8,5.2869410014873575
valor 1X2 fechamento: Bet365,0.02,4.0,2029,0.01932971907343519,0.5698823887317924,4/7,3.3282503696402173
valor 1X2 fechamento: Bet365,0.05,-,1521,0.014740302432610135,0.24924039512740656,2/8,6.529743589743591
valor 1X2 fechamento: Bet365,0.05,4.0,525,0.06015238095238096,0.8951412158631042,4/7,3.3236380952380955
valor 1X2 fechamento: Bet365,0.1,-,455,-0.14986813186813186,-1.2823443934784051,3/8,8.018681318681319
valor 1X2 fechamento: Bet365,0.1,4.0,105,-0.1328571428571429,-1.0134143859841271,0/7,3.107428571428571
valor 1X2 fechamento: Betfair (2%),0.0,-,11248,-0.029412268847795176,-1.537547953826289,0/3,5.523999057610242
valor 1X2 fechamento: Betfair (2%),0.0,4.0,4951,0.011176085639264786,0.5446654152180351,1/3,3.0715450212078372
valor 1X2 fechamento: Betfair (2%),0.02,-,6078,-0.03994675880223759,-1.374618439325161,0/3,6.845687101020073
valor 1X2 fechamento: Betfair (2%),0.02,4.0,1722,0.025499186991869902,0.7315413566178487,2/3,3.071709756097561
valor 1X2 fechamento: Betfair (2%),0.05,-,3095,-0.07018655896607431,-1.5249755243673557,0/3,8.579633473344103
valor 1X2 fechamento: Betfair (2%),0.05,4.0,609,0.06081543513957308,1.0328658660084142,3/3,3.0309977011494253
valor 1X2 fechamento: Betfair (2%),0.1,-,1365,-0.01930842490842492,-0.24213459879882515,1/3,11.166405128205128
valor 1X2 fechamento: Betfair (2%),0.1,4.0,213,0.11909859154929575,1.1611026626523202,2/2,3.044887323943662
valor gols 2.5 abertura: máx.,0.0,-,12934,0.00663445183237977,0.7217180620697269,4/8,2.102745477037266
valor gols 2.5 abertura: máx.,0.02,-,2665,0.03385741088180112,1.5426518227317547,4/8,2.299091932457786
valor gols 2.5 abertura: máx.,0.05,-,368,0.14989130434782608,2.103286744266384,7/8,2.8573369565217392
valor gols 2.5 abertura: Betfair,0.0,-,739,0.03827469553450608,0.8594321978142584,2/3,2.4479466847090663
valor gols 2.5 abertura: Betfair,0.02,-,153,-0.02484967320261439,-0.2262116758386312,1/3,2.812807843137255
valor gols 2.5 abertura: Betfair,0.05,-,36,-0.07922222222222226,-0.31555387479169317,1/3,3.326411111111111
valor gols 2.5 fechamento: máx.,0.0,-,27858,0.01613791370521932,2.53642098428625,8/8,2.1360129944719652
valor gols 2.5 fechamento: máx.,0.02,-,11281,0.028714652956298197,2.769697477618694,7/8,2.22350766775995
valor gols 2.5 fechamento: máx.,0.05,-,2667,0.06404199475065617,2.809279369145697,8/8,2.396854143232096
valor gols 2.5 fechamento: Betfair,0.0,-,3333,0.023484548454845485,1.1700467282039693,2/3,2.3090453645364533
valor gols 2.5 fechamento: Betfair,0.02,-,979,0.0599170582226762,1.4468307361858264,3/3,2.5323035750766083
valor gols 2.5 fechamento: Betfair,0.05,-,284,0.10605633802816902,1.2469433115432964,2/3,2.7218669014084504
