estrategia,param,taxa,treino_ret_total,treino_cagr,treino_sharpe,treino_max_dd,treino_mes_medio,treino_mes_pior,treino_mes_melhor,treino_meses_pos,teste_ret_total,teste_cagr,teste_sharpe,teste_max_dd,teste_mes_medio,teste_mes_pior,teste_mes_melhor,teste_meses_pos
carry_funding,"{""L"": 24, ""reb"": 24, ""k"": 5}",binance,0.37861223700201996,0.37861223700201996,1.441832315283906,-0.11362344408746805,0.02946309840339506,-0.05396994342705008,0.1756006412184976,0.5,-0.16210740585992778,-0.2105891199074056,-1.2083386906696818,-0.322246765360366,-0.01692644559658865,-0.12710099331834324,0.14514186215179192,0.2222222222222222
carry_funding,"{""L"": 24, ""reb"": 24, ""k"": 5}",mexc,0.6022543409836929,0.6022543409836929,2.0608982341460518,-0.09947607785743351,0.04249431546020893,-0.04229957231348991,0.19102344453349684,0.5,-0.05847765717211728,-0.07740382685575697,-0.35269477193264576,-0.2677171137023131,-0.004062941306865168,-0.11607838809918469,0.16142589645831307,0.4444444444444444
momento_cruzado,"{""L"": 336, ""reb"": 24, ""k"": 5}",binance,0.19858460244073584,0.19858460244073584,1.0006669478594612,-0.21829058538293777,0.016760403383331957,-0.12562333943214343,0.10067995942276897,0.75,0.2119620155649038,0.2930773330069998,1.355423661993352,-0.09787466778005305,0.022877637046575996,-0.037070235070380986,0.1068391811324172,0.5555555555555556
momento_cruzado,"{""L"": 336, ""reb"": 24, ""k"": 5}",mexc,0.2743361552827497,0.2743361552827497,1.305333235755965,-0.20688150500125835,0.02193937005450028,-0.11993713139334516,0.10579807491065574,0.8333333333333334,0.27513726846241426,0.38397817314871774,1.6872924315689555,-0.08456911575767079,0.02864527870805616,-0.030800115981423848,0.11243220541416088,0.5555555555555556
reversao_cruzada,"{""L"": 72, ""reb"": 24, ""k"": 5, ""inverso"": true}",binance,0.14694048066441034,0.14694048066441034,0.7876672806894872,-0.17491387437619454,0.013611804835582211,-0.13623163302201835,0.10423083667526623,0.5833333333333334,-0.39173251249950825,-0.4855593528430864,-3.16515936267707,-0.4452306161218741,-0.05264855177164694,-0.13962940236028942,0.020708842851094422,0.1111111111111111
reversao_cruzada,"{""L"": 72, ""reb"": 4, ""k"": 5, ""inverso"": true}",mexc,0.35863491160799965,0.35863491160799965,1.5475268429411553,-0.22453700851239722,0.02970855362530797,-0.09576837699546403,0.1966260147314518,0.6666666666666666,-0.32271690168245304,-0.40606293583445807,-2.4191702751793827,-0.38773386333187354,-0.04053645110378474,-0.14814106397879778,0.03845949886410516,0.3333333333333333
rompimento,"{""N"": 720}",binance,0.17447342426229784,0.17447342426229784,0.5665538698817311,-0.4708071278017675,0.01883476694188323,-0.11072096778281382,0.23439652527379184,0.5,0.19315245595466068,0.266316279767872,0.7922190087556354,-0.20722042954418107,0.025316431435604296,-0.07937700819815274,0.2402606755837764,0.4444444444444444
rompimento,"{""N"": 720}",mexc,0.1942002755523422,0.1942002755523422,0.59508892488519,-0.46748724737344427,0.020264888375365903,-0.10922154096500891,0.23814048194875537,0.5,0.21039660220429113,0.29084478818253756,0.8404339072108132,-0.20305860854421998,0.02693618668185913,-0.07805164285379695,0.24220706824153448,0.4444444444444444
tendencia,"{""L"": 720, ""reb"": 168}",binance,0.5203661140232667,0.5203661140232667,1.063168807288162,-0.2597305498202498,0.03705439717854428,-0.06298989096440966,0.1496922627675532,0.75,0.12787808503820997,0.17455758611512828,0.6118575538193757,-0.19853064213988825,0.020123749313269507,-0.14487013580099029,0.24690750544675932,0.4444444444444444
tendencia,"{""L"": 720, ""reb"": 168}",mexc,0.5338918559231636,0.5338918559231636,1.0801324101432874,-0.25906299062000904,0.037816601060404825,-0.062106121846454476,0.15020412556070406,0.75,0.1380778702767287,0.18878065631344132,0.6433531766804543,-0.19671568795037497,0.02111892421386156,-0.1438835408137613,0.24785207294056777,0.4444444444444444
