familia,tri,escolha,sharpe_treino
breakout,2024Q1,"breakout {""N"": 168}",0.8084578783619023
breakout,2024Q2,"breakout {""N"": 336}",1.4680748442535652
breakout,2024Q3,"breakout {""N"": 336}",1.1566890907816472
breakout,2024Q4,"breakout {""N"": 72}",0.763378310854882
breakout,2025Q1,"breakout {""N"": 72}",1.0516784801513983
breakout,2025Q2,"breakout {""N"": 72}",0.9967190791447461
breakout,2025Q3,"breakout {""N"": 72}",0.6243389488759891
breakout,2025Q4,"breakout {""N"": 1440}",0.29899570751934296
breakout,2026Q1,"breakout {""N"": 720}",0.5335801288700273
breakout,2026Q2,"breakout {""N"": 24}",0.12501652544921463
breakout,2026Q3,"breakout {""N"": 24}",0.5947907066295947
carry,2024Q1,"carry {""L"": 24, ""k"": 3, ""reb"": 24}",1.5613453303835287
carry,2024Q2,"carry {""L"": 24, ""k"": 3, ""reb"": 72}",0.6491770975211666
carry,2024Q3,"carry {""L"": 24, ""k"": 3, ""reb"": 72}",0.2323208086348445
carry,2024Q4,"carry {""L"": 24, ""k"": 3, ""reb"": 72}",-0.118282121241519
carry,2025Q1,"carry {""L"": 336, ""k"": 3, ""reb"": 72}",-0.16701277553739824
carry,2025Q2,"carry {""L"": 168, ""k"": 8, ""reb"": 24}",2.7857140929845245
carry,2025Q3,"carry {""L"": 168, ""k"": 8, ""reb"": 24}",3.728757477673825
carry,2025Q4,"carry {""L"": 168, ""k"": 8, ""reb"": 24}",3.2639790671294184
carry,2026Q1,"carry {""L"": 168, ""k"": 8, ""reb"": 24}",2.2514140432207013
carry,2026Q2,"carry {""L"": 168, ""k"": 8, ""reb"": 24}",1.8643120704336362
carry,2026Q3,"carry {""L"": 168, ""k"": 8, ""reb"": 24}",2.1488330157754354
choque,2024Q1,"choque {""h"": 12, ""seguir"": true, ""z"": 3.5}",1.609927480966923
choque,2024Q2,"choque {""h"": 12, ""seguir"": true, ""z"": 3.5}",1.2156671736359663
choque,2024Q3,"choque {""h"": 12, ""seguir"": true, ""z"": 3.5}",1.2254656836286006
choque,2024Q4,"choque {""h"": 24, ""seguir"": true, ""z"": 5.0}",1.1989467387276476
choque,2025Q1,"choque {""h"": 24, ""seguir"": true, ""z"": 5.0}",1.4058980173496705
choque,2025Q2,"choque {""h"": 4, ""seguir"": true, ""z"": 5.0}",1.981470467571985
choque,2025Q3,"choque {""h"": 12, ""seguir"": true, ""z"": 5.0}",1.3588469191814625
choque,2025Q4,"choque {""h"": 12, ""seguir"": true, ""z"": 5.0}",1.41621230011822
choque,2026Q1,"choque {""h"": 4, ""seguir"": true, ""z"": 3.5}",2.3915231703176008
choque,2026Q2,"choque {""h"": 4, ""seguir"": true, ""z"": 3.5}",1.1806972861781382
choque,2026Q3,"choque {""h"": 12, ""seguir"": true, ""z"": 5.0}",1.7190880947008615
ema_cross,2024Q1,"ema_cross {""fast"": 168, ""reb"": 24, ""slow"": 720}",1.4866393335857242
ema_cross,2024Q2,"ema_cross {""fast"": 168, ""reb"": 1, ""slow"": 720}",1.4647503237054136
ema_cross,2024Q3,"ema_cross {""fast"": 168, ""reb"": 1, ""slow"": 720}",1.4211025897129226
ema_cross,2024Q4,"ema_cross {""fast"": 24, ""reb"": 24, ""slow"": 96}",1.068944778032592
ema_cross,2025Q1,"ema_cross {""fast"": 24, ""reb"": 1, ""slow"": 96}",1.169374507766318
ema_cross,2025Q2,"ema_cross {""fast"": 24, ""reb"": 1, ""slow"": 96}",0.824358263767469
ema_cross,2025Q3,"ema_cross {""fast"": 12, ""reb"": 1, ""slow"": 48}",0.7121817703533647
ema_cross,2025Q4,"ema_cross {""fast"": 12, ""reb"": 1, ""slow"": 48}",0.26041817695758845
ema_cross,2026Q1,"ema_cross {""fast"": 12, ""reb"": 1, ""slow"": 48}",-0.005939521498022381
ema_cross,2026Q2,"ema_cross {""fast"": 12, ""reb"": 1, ""slow"": 48}",-0.12177866222158353
ema_cross,2026Q3,"ema_cross {""fast"": 12, ""reb"": 1, ""slow"": 48}",0.04341091903425132
mom_long_btc,2024Q1,"mom_long_btc {""L"": 168, ""M"": 168, ""k"": 8, ""reb"": 72}",2.157217896440795
mom_long_btc,2024Q2,"mom_long_btc {""L"": 168, ""M"": 720, ""k"": 8, ""reb"": 24}",3.2620913291305915
mom_long_btc,2024Q3,"mom_long_btc {""L"": 168, ""M"": 720, ""k"": 8, ""reb"": 24}",2.8022044345431296
mom_long_btc,2024Q4,"mom_long_btc {""L"": 168, ""M"": 720, ""k"": 5, ""reb"": 24}",2.6242555741833384
mom_long_btc,2025Q1,"mom_long_btc {""L"": 168, ""M"": 168, ""k"": 5, ""reb"": 24}",2.19337869613163
mom_long_btc,2025Q2,"mom_long_btc {""L"": 168, ""M"": 168, ""k"": 5, ""reb"": 24}",0.5977998740737892
mom_long_btc,2025Q3,"mom_long_btc {""L"": 168, ""M"": 168, ""k"": 8, ""reb"": 24}",0.8495844016251508
mom_long_btc,2025Q4,"mom_long_btc {""L"": 168, ""M"": 168, ""k"": 8, ""reb"": 24}",1.4689983019477493
mom_long_btc,2026Q1,"mom_long_btc {""L"": 168, ""M"": 168, ""k"": 5, ""reb"": 24}",-0.11105291492400017
mom_long_btc,2026Q2,"mom_long_btc {""L"": 168, ""M"": 720, ""k"": 5, ""reb"": 72}",0.11042497076119744
mom_long_btc,2026Q3,"mom_long_btc {""L"": 168, ""M"": 168, ""k"": 5, ""reb"": 24}",0.6981875799493538
res_mom,2024Q1,"res_mom {""L"": 168, ""k"": 3, ""reb"": 72}",2.0949856147080035
res_mom,2024Q2,"res_mom {""L"": 168, ""k"": 8, ""reb"": 24}",2.5893770817091126
res_mom,2024Q3,"res_mom {""L"": 168, ""k"": 8, ""reb"": 24}",2.894856309635953
res_mom,2024Q4,"res_mom {""L"": 168, ""k"": 5, ""reb"": 24}",2.4342683976356567
res_mom,2025Q1,"res_mom {""L"": 72, ""k"": 5, ""reb"": 24}",2.1116487922250444
res_mom,2025Q2,"res_mom {""L"": 720, ""k"": 5, ""reb"": 24}",1.5858443449354427
res_mom,2025Q3,"res_mom {""L"": 720, ""k"": 5, ""reb"": 24}",1.8370812895597413
res_mom,2025Q4,"res_mom {""L"": 720, ""k"": 8, ""reb"": 72}",2.4138881957274974
res_mom,2026Q1,"res_mom {""L"": 336, ""k"": 8, ""reb"": 72}",1.8764665707407628
res_mom,2026Q2,"res_mom {""L"": 336, ""k"": 8, ""reb"": 72}",2.3997388681062004
res_mom,2026Q3,"res_mom {""L"": 336, ""k"": 8, ""reb"": 72}",2.061733319886085
res_rev,2024Q1,"res_rev {""L"": 1, ""inverso"": true, ""k"": 3, ""reb"": 4}",-3.4590529916819768
res_rev,2024Q2,"res_rev {""L"": 24, ""inverso"": true, ""k"": 3, ""reb"": 12}",-4.298805656740544
res_rev,2024Q3,"res_rev {""L"": 24, ""inverso"": true, ""k"": 3, ""reb"": 12}",-4.580783459593596
res_rev,2024Q4,"res_rev {""L"": 24, ""inverso"": true, ""k"": 8, ""reb"": 12}",-4.519977162644252
res_rev,2025Q1,"res_rev {""L"": 4, ""inverso"": true, ""k"": 3, ""reb"": 4}",-3.5908700020394346
res_rev,2025Q2,"res_rev {""L"": 12, ""inverso"": true, ""k"": 3, ""reb"": 12}",-3.03254914172198
res_rev,2025Q3,"res_rev {""L"": 24, ""inverso"": true, ""k"": 8, ""reb"": 12}",-1.8238093502654726
res_rev,2025Q4,"res_rev {""L"": 12, ""inverso"": true, ""k"": 3, ""reb"": 12}",-2.5878357591394368
res_rev,2026Q1,"res_rev {""L"": 12, ""inverso"": true, ""k"": 3, ""reb"": 12}",-0.3967020965397409
res_rev,2026Q2,"res_rev {""L"": 24, ""inverso"": true, ""k"": 5, ""reb"": 12}",-0.4723267979240817
res_rev,2026Q3,"res_rev {""L"": 12, ""inverso"": true, ""k"": 3, ""reb"": 12}",-2.6766083760456434
ts_trend,2024Q1,"ts_trend {""L"": 720, ""reb"": 72}",1.0823580983802574
ts_trend,2024Q2,"ts_trend {""L"": 720, ""reb"": 8}",1.656159494530719
ts_trend,2024Q3,"ts_trend {""L"": 720, ""reb"": 72}",1.6533044822533338
ts_trend,2024Q4,"ts_trend {""L"": 72, ""reb"": 8}",1.3558919548283
ts_trend,2025Q1,"ts_trend {""L"": 72, ""reb"": 8}",1.4350750518423203
ts_trend,2025Q2,"ts_trend {""L"": 1440, ""reb"": 72}",0.8307805257913657
ts_trend,2025Q3,"ts_trend {""L"": 24, ""reb"": 24}",0.8889054874343424
ts_trend,2025Q4,"ts_trend {""L"": 336, ""reb"": 8}",0.8727106496069691
ts_trend,2026Q1,"ts_trend {""L"": 24, ""reb"": 24}",0.6698553863571888
ts_trend,2026Q2,"ts_trend {""L"": 24, ""reb"": 24}",0.9890409419741633
ts_trend,2026Q3,"ts_trend {""L"": 24, ""reb"": 24}",0.8386725983126515
xs_mom,2024Q1,"xs_mom {""L"": 168, ""k"": 5, ""reb"": 8, ""skip"": 0}",2.499586353249408
xs_mom,2024Q2,"xs_mom {""L"": 168, ""k"": 5, ""reb"": 8, ""skip"": 0}",3.348176622824985
xs_mom,2024Q3,"xs_mom {""L"": 168, ""k"": 5, ""reb"": 8, ""skip"": 0}",3.44163734895417
xs_mom,2024Q4,"xs_mom {""L"": 168, ""k"": 5, ""reb"": 8, ""skip"": 0}",2.8419067433579057
xs_mom,2025Q1,"xs_mom {""L"": 24, ""k"": 5, ""reb"": 72, ""skip"": 0}",2.4685371319935476
xs_mom,2025Q2,"xs_mom {""L"": 1440, ""k"": 8, ""reb"": 24, ""skip"": 24}",2.054586806760142
xs_mom,2025Q3,"xs_mom {""L"": 1440, ""k"": 8, ""reb"": 24, ""skip"": 24}",1.8045199460772472
xs_mom,2025Q4,"xs_mom {""L"": 336, ""k"": 8, ""reb"": 72, ""skip"": 24}",3.066387766002211
xs_mom,2026Q1,"xs_mom {""L"": 336, ""k"": 8, ""reb"": 72, ""skip"": 24}",2.761237880863237
xs_mom,2026Q2,"xs_mom {""L"": 168, ""k"": 5, ""reb"": 72, ""skip"": 0}",2.470418419267092
xs_mom,2026Q3,"xs_mom {""L"": 72, ""k"": 8, ""reb"": 72, ""skip"": 24}",2.469082519751984
xs_rev,2024Q1,"xs_rev {""L"": 24, ""inverso"": true, ""k"": 3, ""reb"": 24}",0.11674549265302263
xs_rev,2024Q2,"xs_rev {""L"": 24, ""inverso"": true, ""k"": 3, ""reb"": 24}",-1.006660865903905
xs_rev,2024Q3,"xs_rev {""L"": 24, ""inverso"": true, ""k"": 3, ""reb"": 24}",-1.3505760496233703
xs_rev,2024Q4,"xs_rev {""L"": 24, ""inverso"": true, ""k"": 3, ""reb"": 24}",-2.172628870919367
xs_rev,2025Q1,"xs_rev {""L"": 24, ""inverso"": true, ""k"": 3, ""reb"": 24}",-1.3265022413059353
xs_rev,2025Q2,"xs_rev {""L"": 72, ""inverso"": true, ""k"": 3, ""reb"": 24}",-1.1509953220883269
xs_rev,2025Q3,"xs_rev {""L"": 72, ""inverso"": true, ""k"": 5, ""reb"": 24}",-0.8680869180550861
xs_rev,2025Q4,"xs_rev {""L"": 72, ""inverso"": true, ""k"": 5, ""reb"": 24}",-0.7441133739578206
xs_rev,2026Q1,"xs_rev {""L"": 72, ""inverso"": true, ""k"": 8, ""reb"": 24}",-0.038159266081682616
xs_rev,2026Q2,"xs_rev {""L"": 72, ""inverso"": true, ""k"": 8, ""reb"": 24}",-0.6232208430601908
xs_rev,2026Q3,"xs_rev {""L"": 72, ""inverso"": true, ""k"": 5, ""reb"": 24}",-1.5751235724322448
_todas,2024Q1,"xs_mom {""L"": 168, ""k"": 5, ""reb"": 8, ""skip"": 0}",2.499586353249408
_todas,2024Q2,"xs_mom {""L"": 168, ""k"": 5, ""reb"": 8, ""skip"": 0}",3.348176622824985
_todas,2024Q3,"xs_mom {""L"": 168, ""k"": 5, ""reb"": 8, ""skip"": 0}",3.44163734895417
_todas,2024Q4,"xs_mom {""L"": 168, ""k"": 5, ""reb"": 8, ""skip"": 0}",2.8419067433579057
_todas,2025Q1,"xs_mom {""L"": 24, ""k"": 5, ""reb"": 72, ""skip"": 0}",2.4685371319935476
_todas,2025Q2,"carry {""L"": 168, ""k"": 8, ""reb"": 24}",2.7857140929845245
_todas,2025Q3,"carry {""L"": 168, ""k"": 8, ""reb"": 24}",3.728757477673825
_todas,2025Q4,"carry {""L"": 168, ""k"": 8, ""reb"": 24}",3.2639790671294184
_todas,2026Q1,"xs_mom {""L"": 336, ""k"": 8, ""reb"": 72, ""skip"": 24}",2.761237880863237
_todas,2026Q2,"xs_mom {""L"": 168, ""k"": 5, ""reb"": 72, ""skip"": 0}",2.470418419267092
_todas,2026Q3,"xs_mom {""L"": 72, ""k"": 8, ""reb"": 72, ""skip"": 24}",2.469082519751984
